x	y
132.48690727326482	187.38207345468268
87.76487172699849	140.15283030222798
89.43656495473088	134.95544689379574
78.54062755687659	122.43267752839246
117.30815258649358	147.0087018946407
53.96922606239435	110.0486919232857
134.8962352843296	181.3551464487327
84.77586198209795	136.3016768833129
106.38078192114197	161.39353041155036
95.0125924904518	137.14856478349816
129.24215874089947	189.41211559762516
58.79718581004692	109.9282916287872
93.55165591972985	158.52160839634257
92.31891290663168	144.0082895851944
122.67538884670876	175.86163579990878
78.00217465371938	125.26840326976318
96.55143584899129	161.31557577743826
82.44283164157257	111.4079038235543
100.84427493431185	145.5159553231063
111.65630427431644	158.60576433483598
77.98761645574157	112.68340910468875
122.89447419679229	164.9474476792032
118.03181441185592	146.31058730720576
110.04988677803736	161.95375915078372
118.01711898528823	153.96484354452554
86.32544281651334	140.02404755371694
97.54219548962703	144.92437853001388
81.28461131481862	122.95747618697075
94.64223840747968	129.10441230750817
110.60710933476372	153.77863089024632
86.16678496549382	139.27302316764852
92.06492946288046	140.81045752421474
86.25654599760801	142.91898399046897
83.0958871700256	125.21258448480073
86.57507738326362	152.6350125989184
99.74670802162197	147.3671738579767
77.65379302729444	119.20183873665202
104.68831395634184	167.78990627025644
133.1960435421974	196.77170832182705
114.84088321154671	163.9391900406524
96.1632889527677	141.32026778610256
82.24742071830327	141.3481671076596
85.05683412498325	126.11546444334931
133.84909202055493	193.20100743848295
101.01615509552057	137.14434989591268
87.26008706861293	136.42615433957917
103.81830969334932	153.9358647652815
142.00510272957683	204.08609734098232
102.40317904963258	134.11098271213362
112.34406219414838	164.68842941382715
106.00340639911656	154.79630173135644
92.95500307012962	142.9840859417105
77.1496360395572	118.30858058153925
93.01314555174245	129.9941972468364
95.82211533250444	141.19074471499772
111.73246382364395	159.3158259769413
116.7796682774901	181.53150306057833
118.62204162607114	169.73585806138564
105.71174650508517	155.66898395837754
117.70282328541455	174.68628621155847
84.91204118006695	118.79349477098904
125.05736310466575	182.28302757617604
110.25859640836018	169.41235782143494
94.03814329794568	153.10958197349186
109.77036293074994	156.44042230795014
98.48856573957889	136.13606578027537
122.63258774902854	162.78330269308253
130.39633632844397	182.87087501791115
143.71150813066322	199.07915658303622
72.07007329023725	134.83557104537823
71.11772389140822	136.3320643415532
89.91068274107097	148.62316554996377
103.20074138895662	153.54002937287066
117.5233784223245	170.17257798942651
106.3126989448321	153.9595752472843
59.55597568351994	120.10466020523484
93.87591974743256	149.81863524079392
116.55949285214493	168.71808957575098
104.60189470728767	142.04588932688898
115.24022360624049	175.7068374558185
95.55343714779282	130.2845734915557
95.98483862140006	158.3026604952055
103.73122781976569	163.57752285953305
108.20103294416512	142.33034474330287
103.9659944025354	153.4813510421067
102.38017291614918	139.96623031686212
86.58675427421939	135.1405610754917
107.55127572641838	163.10297546160936
102.43642541982874	151.07004442276096
122.5896781582384	158.95099791203404
123.97835759803014	176.58663036992286
103.70312834967888	156.29800541534308
92.49430099819772	142.22195289259275
87.22539185091556	126.77400210298745
108.46988708128225	154.9720704609693
101.5468013669712	154.23207305115494
93.12292648857849	141.57242827556183
100.87193713668493	171.9981583297483
87.59998312103741	140.16077749555706
113.96064068144437	161.89302734086067
91.05742870428003	145.88340821952158
124.49015409610998	163.4358305638327
108.069832835816	162.27738483434678
111.87157046474134	178.03951273997566
78.10176308517916	119.26404989944572
103.38764866117336	156.37599885185773
114.8111290219255	172.48225998637372
80.92598796384131	113.99250088312027
94.67562987992756	161.06451918711622
100.65229093386718	140.20230904318504
72.53765359506488	119.18711301869921
106.30318784084584	160.109909617227
116.92321295170066	164.59718411089068
82.80968118336027	140.8390478545249
107.01091957328215	158.52017374303574
73.75433177525136	129.45184468529806
99.22608981467897	149.97582405171264
67.68455290593411	132.40456905161273
122.42835416471328	152.27337407478137
108.17801075873655	161.81895322487392
99.50766088248443	146.501509604477
84.49676761661681	124.90644144680965
125.47511860317553	167.35901849744712
139.3420349850947	183.62223520330014
62.840362711064955	118.62446807839298
124.7232806090564	165.76197624659156
132.55301506297812	180.92117929936396
106.76023393148951	159.5127226326474
76.01463935329627	114.45672284230338
117.26690635088043	178.39039287674686
96.381593958437	170.5974869978133
87.92158744413486	131.18141437207004
75.39883728666076	134.59330913084293
111.0107499195243	157.91395511532716
115.85613731838696	171.18981188265653
87.52938540640417	135.71233345154135
110.41152674146741	182.4981430412785
77.11317220753715	123.8698540513688
116.0372206374269	173.97652472885505
100.93134596848292	157.00500749465982
96.26860456185302	135.42900319300657
97.96508254941709	126.36238841892408
117.37772314011735	173.1685952976177
115.00823279730017	173.453417193069
110.58930648705419	155.22225230498148
102.75402419994772	146.4202775245712
101.55642255825411	161.32445511387547
112.36760523997049	170.89593948909848
104.64989118357475	164.20865765721953
113.6510281372897	166.2650484926919
93.7976645296388	135.91489991841587
51.303244717857226	89.12351092091123
120.77649203718828	150.8451265798655
143.73959293948516	193.1627753604418
108.82728887137164	178.01897645930694
97.99689533433	152.77584089471335
97.27110512207933	146.4737026866814
97.61891624450381	132.41145407817476
100.34818816600009	143.66888750029102
77.55962542506224	127.6090131812977
89.65811084159544	137.4359160848154
80.05946344699474	139.14286034868724
104.9759832277554	153.38991552881893
94.06717695258274	151.0202369049763
109.90422647955921	158.76204387824544
96.50593680514999	144.60826514071283
119.72670375642484	182.31803905242245
104.27067802670884	146.75090368459942
143.81399457939466	190.9834659001801
62.07278154217815	99.14540751593307
87.06166623490184	138.0290597808692
118.02973783297422	178.72474784331212
150.56651413612798	207.38053323746405
95.0273044456908	152.36742254487987
100.87337986356778	161.40380362379452
95.4737151497279	151.72589701940097
126.62914225175183	184.21173657324383
94.25384273047962	148.29108350125577
113.60139679756209	153.84751134385067
93.60396802202658	148.86491901869886
74.54882489508012	134.00768864332116
106.27095440926864	147.35185785708154
110.06369626870652	162.4235960790285
125.86451765064524	186.6926483663564
97.79105947165367	144.05629491776787
87.65275872575279	124.4416929891941
111.25522193238052	161.87056165101012
104.81474184475465	170.7515974399715
105.61330154245277	146.48384734968118
98.53774592505445	147.4838452209986
123.2067713998754	165.69646192809194
107.38985432751447	153.800181386944
138.0931741668196	190.4408869773287
122.2211339712101	186.98927005747194
113.1809959220042	156.01455566232062
67.45123318767486	110.36468324539157
112.04638560591258	153.32136120203162
108.40564407294119	147.46773961806298
116.21903345607112	150.87203285394992
120.88884189414517	162.37621990403989
91.98243616422147	140.92430346945537
116.48011236900815	166.8887662342922
88.75389137961821	150.47838325482564
139.0975615001807	180.88155665445274
73.36096666965503	115.5615854297326
64.78622879202433	107.21785638679576
66.985574683518	118.94303387406605
82.18888831673902	130.6041641501389
77.61769202880544	135.38977997991765
139.12157807407283	181.23017000591216
93.47001003843631	152.6025985643766
73.14648421245128	132.57161564259067
122.28765953559584	169.6629825149131
88.26952122356815	132.0441466874779
75.26293246917206	127.07462336396026
117.51677855298598	159.60144089819016
112.46724353156065	182.38929088833524
91.30086634089545	142.70973937200716
128.15080000482456	186.0752076904617
102.58203159421451	139.9109585891925
132.338991977146	164.83141612924442
110.05481763999809	166.92747969183463
131.17611081239718	186.33497800195636
102.18805392850857	144.58200635937635
75.60511206041934	119.93735556239281
148.98737298122796	192.18793497346343
89.08451664034865	141.3627857889548
96.02324274222207	155.26176402227705
85.99202990157491	120.54342780216714
95.93211102070883	150.7195623323783
104.85338882163589	146.11171161292148
104.03660357748008	148.72728393445794
113.22040575197386	161.6160536712136
135.84316417951135	172.22862377802778
97.59070856422986	176.03009426162282
75.33758529107146	149.58736003640587
76.35363746980732	133.87633606004815
86.68490963601747	143.2450614502028
66.51608384762136	106.07998192176171
116.50059648877972	190.27408524761654
90.03572872737844	140.2189013760925
93.78030043394298	142.5463453339533
99.96217034323993	162.00210613406955
72.06759150809137	124.67559216394949
82.77367278447916	125.0076366723939
113.49423051375945	161.30501620878437
112.37078261572586	158.609924823197
91.13656138598725	141.78311831968398
136.21069828250913	191.75527367125358
73.88546154884526	129.21305058727359
93.10025579690041	156.11227471476292
95.38320513729062	145.34217449513795
44.1382999970692	103.7189851797298
138.7505762723216	205.81719468714303
107.32664029080117	145.0664142128234
79.10821236184417	136.23391799674926
141.02346885714888	180.30014775522386
111.71324000344765	146.64248409636616
108.59052280043929	174.43714319631363
87.86003203599908	149.2148717239593
102.12445448070436	157.3581839198324
69.48639367541284	114.71707969896931
115.9005218884969	180.93613412959985
92.51123362313558	128.8395563727472
102.68096393109246	153.35489312928138
124.04109724399412	178.89287278061957
105.69496221698115	168.56623154901231
105.24934890926536	139.98507191552972
105.52998609644368	124.88857253539267
85.33456792209374	136.48827105495639
116.72009438868537	169.894365942129
130.86718221608967	182.6039849428605
115.17611320195861	156.4036445888425
117.69817628929766	167.25656829089593
82.45436962163623	117.05357890822145
82.64425554254149	136.8501894593926
71.1824795141632	130.10836347246772
124.64506141656872	167.32474257051683
94.91640264785264	124.87698496960166
127.99687884961972	176.69906174706836
84.36176634626399	132.376763152257
91.24982034342838	140.44375040016595
101.90850174382516	164.9442562584012
118.42900137319023	169.81495616437556
101.21500391599014	172.05623239289915
104.22249510015433	158.02992963325323
100.33055134611232	139.45821463943972
103.54375440551921	164.8798889883038
77.67059964230512	126.76715596619174
101.61854201946556	146.7308334461485
96.26842012977067	149.06243364198735
98.86351038228305	150.01134849628937
109.84673111873298	144.26078919056192
86.38643717982228	127.89124941567418
98.30983945190741	159.82990515205393
94.05276234452992	145.81204126912837
108.34604009949724	164.73589963642934
115.69541302031179	175.89693946546532
80.89149475252621	148.81762546885128
111.71820862205232	155.3272436200844
141.31566640437669	184.2817158191168
70.5768614833475	111.33176553786419
83.39656209369772	127.39205667813968
82.38844800311658	123.26258033182111
94.4180455691342	144.26803824415606
132.45698171908003	181.3746540298694
100.26705352694353	156.07943624415262
86.10612809425547	124.1996157586467
112.43607008611144	155.8978248529788
88.00390937858305	141.59852003509593
122.46824324043871	179.45472301628283
106.10534080488021	132.939167700698
127.77558792740537	171.7548817038528
86.77311513693962	134.23691124099986
160.6171422474406	190.20560045406856
116.49169250066915	170.97869606840078
113.09160305173401	175.1328783143221
98.97623104784671	129.5452369248175
85.48805761731145	119.83876993758521
82.6446264475282	142.16644771493233
97.28045347798822	158.63384575917857
84.0546042901374	121.32684791548586
105.6535142449684	145.7773071179278
83.4780513630536	140.0722394304104
112.42165401678017	159.99141669984465
119.12243408249392	163.90926977475368
85.88318985195433	151.82456364828874
123.85372135509387	176.83171173970356
95.24116128495635	127.04667286291166
123.1057577217645	175.63889677899243
108.76332694582474	144.71075034572476
122.44656643314184	179.8671322303021
80.05960408940635	139.87954066659796
97.8641202644155	152.24974024530593
129.02858521181872	188.30678374121453
87.63926304636843	157.2820576189255
59.2559754863841	116.52277514673892
61.14821637047089	107.42861696208334
49.87118694647877	88.93814785878877
57.716721561663476	109.96122890860119
91.76721673623035	131.4168350335228
125.57056165683443	161.18310892592967
91.15541440973655	136.53691936032607
106.47054707202864	138.68736582071193
97.80017019672786	134.79543236746807
100.1709789087205	155.1825428186965
96.63602320510569	141.88347047145947
96.51639311384018	143.45004930681415
109.22328199954035	158.96412101295874
76.4803465711737	106.9384284139192
120.20254354669449	172.0647810018766
118.40035866495526	168.36205923429048
96.09885318248197	145.6467884853788
116.10786848464363	169.53633159059646
85.97311147485647	114.32383578079444
89.25553952249324	158.3738346429054
103.12527700540167	150.091765857631
96.19557949830278	131.8534423284117
91.02523934656755	142.14053813196568
86.55103922426807	123.83936199337404
88.85010556427913	139.51403256273602
118.78337488392975	174.18939720484013
61.133531886632944	97.94456361230074
107.04988728738667	165.50415157862545
95.27126096374026	146.58218296048997
114.55626999999298	168.0471068421395
110.30147227278731	164.3421533242645
44.34931064694155	99.47365211499834
111.69293220954853	172.89655020529986
106.48548486896843	165.09002934675436
100.43725673253105	155.30636026726887
90.62652367444217	132.98312741174618
117.06562443911244	169.92893546380452
91.73941380577935	136.1610742617208
136.69435253299372	172.206829796278
111.28765710988627	160.87388835777602
142.75656134878966	183.62846038128205
84.28932006159529	145.64073391946067
64.88148719534297	114.5043952533387
114.2957919497163	164.74841763692342
117.05408123450573	174.80614242043634
100.70720194109515	146.52596272192716
69.22413508510714	116.65818650100285
91.04209630567763	152.688807928667
112.3597106784067	148.52292466272752
96.31647348692509	137.64692130260363
97.68029629055208	146.34335756815864
96.49082062676494	154.3387125373681
81.32170688746997	133.81963162695897
89.33959347832801	127.76442510108241
71.46889158958936	112.27115188434462
135.35919896622053	202.30379916419992
90.49254249724035	143.65523531114428
109.55220363635115	153.36779141221268
79.56228110717382	124.71950590144455
115.89056479202165	203.29305382906753
62.53678044729397	125.93949955058703
118.41230236109912	152.04756225164653
99.29264150242578	144.70489174700523
142.2121010720142	199.44032790601673
73.86931854311963	121.11450771347238
101.52760960319183	162.918142558196
107.3446362776773	174.98713206806298
124.65798384752475	174.73358779789788
91.5428607721845	144.49025592080392
101.72928813048574	150.04266526304616
57.15066541845263	115.9786560795179
83.39662271954585	148.39587435456673
109.03231901110483	168.37627275092333
122.08348652606426	161.25371046894622
94.36527461868775	151.9089053169288
141.12711046396586	185.3395711306703
135.20498452898187	202.68860419052902
98.7869501645038	153.54978832157366
51.72993997652425	112.31122731968831
64.44867248388024	114.23807862304189
84.44282346745175	134.11944434505097
122.31682215848338	176.62459848610143
106.20544575567534	155.89743263506227
58.11504367554376	123.90418272495934
95.42468342259676	134.00272041348111
132.2672274912623	189.1213919681181
92.50390625394695	136.6373082895471
85.00060765448667	143.6110700785474
141.09248205036232	173.1213211268202
101.06819073596697	163.92945322048882
90.4168580242784	137.32317024029197
107.00334317656558	144.6666116517509
100.34329452748177	157.51013763007754
91.41715443529813	139.49938600138748
124.16912657103926	176.94051488679702
122.31403605568973	184.59312303744255
116.81723116282208	155.90532559528012
97.94225564852925	140.57848429908938
122.93800752798965	173.74207883188774
99.00594841682648	154.68110240201435
109.33286534457682	152.2967155860119
120.67373735879002	162.7422842078435
116.17688720531365	173.8902401277824
135.79509366412543	195.63148008628264
109.02568032080342	172.99841290590308
66.31880028263525	113.36744702279015
76.79659790035447	100.97424992383118
127.00213637363453	182.23603922132943
93.37433660134744	150.97365762664327
107.73078290266182	143.06255140446044
82.97088686938346	133.87468933383417
120.01762847360602	172.77071126906804
92.3033550233442	145.70690464587778
129.1621647721904	174.51522008394434
89.35531958203646	140.18965152966837
122.36266793435391	178.36661289550582
113.48792209641738	145.7261876749979
85.55216189171698	144.66298623505713
121.97992665494358	168.3215601151234
81.96731019048005	139.61233138244773
83.55065622191496	126.52445344760343
114.43422584225385	147.31657719164932
87.49315997068024	149.30454725493348
88.12313865490981	154.534500511985
93.12198581579216	124.51667844361546
79.99661620254969	117.07384998886229
120.89988819347795	171.84161977194378
112.17029396969698	151.67669075342982
98.61342606619034	156.2159435364244
97.8321586565292	139.86151966706092
109.00311025534359	153.82730499603423
135.30670201038143	187.42105170029762
117.41939605064485	145.63714507738968
89.830857314492	136.6316314432118
115.54838410497726	185.6948728449728
97.62457655793821	153.4934240115036
96.02003632392551	136.02894119511288
137.3294275030425	197.78957871153943
91.62124204643754	162.25309643428096
90.41630169745189	153.16298646922564
60.957894255095354	105.11178588228101
71.95341709093726	115.37745569284229
109.02245877469197	155.31769023102188
86.10158197629522	125.6110483138589
110.30827603566482	160.6004339483299
77.70257895268126	117.64568574669542
84.6538034733653	125.90140960191614
113.49141413912008	166.69960185721214
129.21784760926155	173.58162702741777
111.8494560284804	159.805607884824
123.95661683442502	195.43839926877752
134.09188342744812	187.77407831778493
120.8017830630819	182.7050153974887
81.63119923399948	136.01038055580742
97.89310574984916	153.92289592548622
112.60391341369822	149.11216134406044
91.7030619742353	136.23334284384612
109.03892074642447	156.41638201037875
68.41687429211069	113.95060778759301
83.42744042287188	131.39835537703505
110.57759491170349	162.17661234449753
55.258269777750584	103.03214568327219
77.84574995430896	134.74167812348753
99.64563364179716	147.16765858072182
65.61211050760954	126.45163028960665
101.14241992164185	151.0114658081901
84.0090501861648	128.062287608969
94.16810808998335	131.65420052129326
94.82034293198936	137.12650668769777
103.78586395117316	151.24275679395856
88.72422530835395	150.74481881841984
101.7937281464518	139.07499236230555
87.97686398701234	148.37839137956144
111.12147020154771	160.20382826796708
133.87618226576163	175.56173146225643
103.93739558500583	140.74648328492114
103.39738510695143	158.8873363588337
76.71984057677597	107.65751211990516
113.86732451320769	159.25219480796136
84.83865342887535	130.43503411607583
83.82305607055743	132.19180600842893
111.14878905716067	166.96063850026786
103.62077488715741	147.4743656379883
122.14350901898125	173.34693329905954
128.8575385699262	166.6790780623344
89.20636875595015	139.7832896817271
102.56753980311889	158.6510935700344
135.20830367150646	181.69138491027067
119.33078500458114	173.01744193454
114.26098100606538	165.30730423946991
126.12412130270897	172.68122980990597
87.90794061671248	137.29976587135735
112.73166818829262	160.7814594219018
128.18506778728016	158.44259016090064
132.41824571243495	167.42661709465136
83.87630365235552	138.20482592613843
94.96651584737151	124.08304543052776
107.65430347448728	169.2381214244717
94.22005313980368	130.12034176008405
92.16367520383903	142.46892808275027
113.68002656363906	168.40138572265073
92.93180034265971	136.56445010075348
64.24174217600569	125.86762764376603
107.23694631679136	143.52841082890754
91.51014418858145	150.57780796186643
85.36938036539334	136.8549458582326
68.68523698688189	117.17337876807598
120.27644933943411	180.393408797103
55.45774736299971	110.850285590271
66.01332790555409	103.9685535398051
94.48307874877713	158.601184812565
124.57911171301394	184.6190757462407
126.19411811365308	177.23219492453978
76.90034730141271	128.3972225891399
96.44735608032899	159.80972326036408
69.79087249824863	136.37259504081408
120.22414127549817	176.35072614255316
70.4687467895964	108.84253244573617
97.13608509985525	148.33858656491535
120.65967557899502	178.85987463426264
95.55171942940183	137.20673607484375
129.40320687651482	167.3445377582554
82.59983553618295	132.6576194532359
107.38380939093747	158.50744784748497
117.06564371647467	170.84394162945426
97.20576539117855	159.50875883934293
127.72628528492638	155.90203128983472
110.96259169376387	161.96120617399936
67.25100813983317	115.19423090225179
179.17205408075927	229.3295465372915
112.97287288181334	164.6472054296259
102.1468658764718	162.4043613545382
72.02374362667047	127.61307098381428
101.63535637611233	151.1783571438919
90.80114338318626	141.6923186837821
112.88707332060645	163.94064723985795
107.43340582423731	156.1037480056359
137.06018970138757	200.2803275463742
102.84502745052636	133.7226445908289
110.27010959977095	146.25514771866983
107.44913703022885	173.425506658686
97.03020393881212	152.76673738135176
96.33199605359952	152.63841277885444
122.02000405336963	183.60187258077482
115.60054270677259	145.41699218982453
87.4111679189244	151.80252194426373
77.7312779405402	116.06663644922779
98.65179950106291	138.82440980054145
123.22879963348788	183.5912273910949
99.44941227464044	137.8922527334816
134.92870178455945	190.23791391242523
84.4985942585313	148.77188812789967
102.83281075331611	146.3368752717251
49.67392278068502	93.78312126785187
88.08664238179419	144.80692806161392
93.81757362716276	152.78079009585144
110.21875548984178	163.63600770307647
134.2132367734227	168.39955672151365
100.6988717872748	166.8009120171754
129.07835163217635	185.30330094005515
113.23362152931965	139.66497245161136
119.72704360424129	160.7291686733326
90.67690286348144	130.07656025276071
127.69982687297278	169.9228506873409
78.5407144257671	131.1012382870723
109.90317222400633	152.75085081629177
80.95875798587483	143.20822812915435
89.6370889520249	150.7244682086842
70.77192790555787	121.51443472659174
89.67304182707956	129.14077209201946
107.02233793021931	157.01620787946968
98.62459073842723	152.69218799592886
73.04470117492673	134.66927504449671
129.4147971338274	174.77185611038064
106.74441876616918	157.54163838367194
120.16130866151526	160.19391094846083
115.70453839269376	161.09471466194066
86.70264466065574	148.38602632415984
61.09906082775922	127.06109562084936
81.69151263536588	128.2417714313232
124.50311698546462	171.86172755658095
78.9290785259937	121.32245687098144
116.32087368648122	151.02489389273455
87.75186053742352	141.4794653613064
107.86218489707967	162.58908806768093
63.52160294749612	119.5660737526237
123.34150331999928	173.60282311530545
99.20662599819036	154.49873904083177
117.71651597931815	169.3703349789547
103.79723298766191	166.2418236079512
115.96127590597887	169.7070370255379
97.961359214728	162.4747103723334
114.86713087027725	175.59074957592625
69.80854631551914	123.39871175426156
78.38578615108986	115.9627810344213
114.50948008963071	169.68220319933002
99.21643487581007	152.42405468236603
95.42491657559574	164.61111183960682
96.40775410697285	153.83116984452772
110.03450218690331	148.7217901039906
88.13312491515163	130.20448756815523
110.20615193490512	169.8455211719943
81.68416301862642	129.75304039562093
91.85495913960068	129.8260590198874
119.69903343438422	174.60664724940017
121.42504855691782	176.36154092835292
78.05691279489275	126.87149529380096
116.77269494456755	175.38865731798472
79.21635355930194	128.1740143051936
114.66046463438157	183.30861806351146
62.02375881361411	101.04866078714768
77.65778615121775	136.73700702034603
89.82055444354278	149.73041615388024
96.67028090228081	159.33894654626263
128.47228858697974	177.21974619796623
118.07998348007054	163.95004009914425
131.50935817144762	198.9161088118028
124.13215796071137	179.59784898731516
94.34272896730312	138.49137616961622
94.67346231362559	152.9969804680019
121.37943244402526	187.25025766341423
100.80742862045679	157.4712391817149
96.86012655013364	139.6003259966091
73.29594553969616	133.09019539929562
97.8707975688892	132.49544915673442
44.18007186612307	101.948264709431
90.87764889702629	150.66092432305453
80.40219496676399	128.18250596965794
113.85148695078712	166.62275195639864
90.42655287168677	141.92935594242138
93.41896901317838	138.06101239303842
126.94210929340996	168.3661060913809
79.01864509662768	126.231831620033
106.33317790313309	150.11305635974048
62.09466105047068	127.23306853576547
101.79458234889302	138.24186770591666
108.2053149079369	176.19743301736185
117.19741943593824	164.84330985557108
82.02633613362707	124.31595100034491
106.39313883889187	150.95067973115658
106.36308399357378	145.9534555203359
99.61536731804726	129.29369408065054
103.00032557455607	161.16021711267774
109.2706864346333	157.73421318521906
107.95760849763703	149.57310559131201
80.07978221823201	117.0214526839135
76.08276979351037	120.45447934915452
150.11960570637345	187.60461167097282
138.39584572856177	201.38156194630153
72.16612247891933	103.20334317467541
109.00435484075692	149.4222266830341
112.54874165506222	153.71852435139363
115.02674470320969	169.77851863090132
102.807908728947	155.34565680405703
81.46256121582752	130.01463007106153
96.35159187273806	144.62934198436662
90.17749724418364	144.15821512299118
102.68746232079509	144.73307297337522
94.63257391758847	149.46922125123783
97.36648747425963	134.1388632766018
120.37104949535764	175.7741046580598
124.61116399909449	169.53859197221777
76.37793654456354	137.66172196692816
90.80139791130837	128.56789219538103
84.18400092449664	129.64896973535986
124.47444423920219	166.26539052483434
98.81264194903002	158.21483100021493
128.97978808316472	164.8668534147758
90.44838290686559	149.28986085801924
100.51999988371317	155.1521721124791
73.02607106405516	128.6858031183811
126.0507107297236	169.16911765746403
92.74775824845483	147.50116342126904
70.29687097349091	137.80408902198053
88.15077429693461	131.23768891310903
53.901841244597236	106.43373672577084
99.36365654602417	146.73284401664938
102.24975484828391	141.24629088682698
105.76156334010301	147.5132874005398
129.96216367154068	185.2106731240414
93.98047692089324	143.5266513539288
116.1491183401054	141.61991971210003
106.24477378026	161.5676555774752
96.13356719051993	142.95767391221867
58.463959561528924	117.64143068026897
118.95002334691353	162.51368167789326
89.92052101715365	162.98979375686537
100.35911783301653	140.87162531292546
74.59078447229041	132.25304637916463
105.65991067622004	144.9053125108535
102.16061634624691	154.11017249414607
100.58835237941531	139.11325180267318
97.30413741408553	159.85262494920516
120.98436581505135	170.7733276210866
119.32441725156683	184.2721090768532
114.51833705041642	163.54547859740035
166.4215751234073	200.17798549174844
87.99549339245371	129.5643200915253
92.4096496893224	138.48795993618023
79.70392618282658	143.51892033867455
108.7197239259282	186.01434528037913
86.25025213879651	135.1086814587673
46.032765166679056	99.21293377617367
75.73323748342591	138.23435974561306
101.44503798311769	140.03195476455107
120.19574669895117	167.0397146049339
68.86116884269937	125.5570958018164
87.75115743431311	141.28248997906627
97.21296389098157	146.3697385640217
85.42925021150597	125.655243111278
110.6232758691245	161.6651756278507
100.08001683950751	157.20878983406772
106.42531828967664	149.24110872065563
85.49570148509268	136.24047243432312
130.73072656042197	201.62813573091688
99.99249982483288	154.76586642173493
125.87099241326617	181.80222807702626
91.22004672667445	130.85816106275544
111.8007892832166	156.2920327871807
86.4123243400553	133.2376626341415
80.9818149789846	122.59504090123924
85.91299336953082	123.82198878311563
99.08266627860465	133.4249178294662
95.62533082064581	143.54653244262008
130.78414019310125	189.11232762831835
77.02591540726108	133.1937210430675
78.19323335090371	134.95604845726245
134.00376293291052	193.12463151442077
112.17567317816217	153.58744167074013
62.3717826566788	105.53907547254147
109.94538197291955	157.5895254534522
104.74665398679193	145.83407759767334
57.11111906543099	109.60782921416629
92.60875149325133	135.97719318029291
99.65090096327644	160.7904283820845
114.62805034250131	155.8495349172128
119.08991333095375	174.7153311662028
101.91493542220269	168.70253941714302
120.66901606528475	158.51676188397346
97.07453450777292	141.56130306332608
82.85006350520456	125.16847874146325
81.31636313704102	120.71362494878797
110.85290589132632	163.45979070042844
60.836618288019785	115.83981348288648
113.55615142239623	156.22807705020188
77.8685386521623	122.74371239701932
92.81551808578523	145.2396256100472
110.10763805505835	163.24725548461205
124.35881801602694	163.24508869294874
61.18638071270213	134.20272574051066
83.87643576093086	131.5420252726188
100.98123384746205	151.86243089208193
88.07827330824676	131.79758318165875
117.23246202682408	164.64550766584716
58.27218869086948	99.22930230343425
107.23603281142094	173.51841989159894
108.51840353005632	140.04652842123767
100.98160794283261	149.13211429812046
122.04473465170685	178.65587928643362
75.40851492907143	109.43637248649387
122.1723351597935	176.78249479722535
85.94159194179663	149.10665596888413
114.51101036157466	167.47470707937393
93.51591561029578	143.51599073250827
116.2868625829785	165.9447545820524
115.60939859516749	162.79440538966065
70.71892852838816	126.52070497551414
96.91017612378943	138.27491015860898
98.15135362916828	151.41948424894355
95.24249469086335	141.85723743944752
84.8867446979607	129.0705161953099
137.0287578914702	175.46500196852864
104.18193353151042	160.92721572490444
131.10031988666177	175.1938660989767
88.61702692976058	149.39222675176651
78.76406477378303	128.4836105845598
102.6449555783957	152.61403319882012
88.73526791765087	127.75654082533768
147.80291924667023	187.8017620472034
104.90845698378239	160.378439280237
123.05198270021208	172.09010576782197
95.51528455753002	146.10270886364083
93.47877388479728	149.9889189412137
99.38177164791728	154.60022001239057
107.11434523152033	153.5560221938324
116.99173690189645	195.93559881816554
97.55691969776633	178.9073930986454
86.38296851965364	140.7860996108259
78.6424684702689	114.25052487982818
98.46641274588536	139.53031133249138
111.45925451913513	167.27664740883063
109.15894152619484	153.39287265998607
99.64364901892122	148.8266263348279
87.99722401528774	118.02976862610728
102.93530526773779	157.29712042674643
111.43609757729979	173.52052361911507
99.26364686965945	137.11991323489502
102.24736977584438	148.81236951984096
96.98991348699097	143.3997074147959
118.30998536125145	143.4610312757018
91.23599465322663	136.47949388065427
103.7107124193311	148.0190668618757
107.88856060024226	143.95299093051898
114.51045116507117	155.76504595817624
129.91769531768952	182.38622802854624
113.50907618408424	166.92296665483798
111.98426470918517	165.232950231568
70.59525821957374	114.83573625803801
112.12807888607674	153.879033691093
145.87435224714355	197.32823200164705
83.39978028864653	129.46835870304972
79.60960301188567	139.9737731177437
95.70692315547954	157.35000962671594
120.42496252197802	165.6988312594595
110.49500984593648	144.16014025936389
90.45751587061336	142.29111350196976
99.28019636545618	142.59124136919962
120.74077963547816	178.96375033866713
113.45239496242958	170.45339013973324
148.57753939045958	188.07144579867884
120.11373360622433	180.59603919983854
107.07134432005259	170.99411772264068
112.29452551654897	166.15676434553686
93.02031618168895	149.12177654819362
80.44453996934067	125.23525951747784
103.43914264335181	144.84753866167136
109.81122087619278	172.3600895904494
72.09433949869346	124.50543066916501
89.5528706972861	138.63611870094553
92.61488196342063	141.92563176845283
105.31284805028571	162.8404627033542
94.7906788226924	142.63416616060152
108.90193420689144	153.91765519603666
101.96224492443983	148.91480886632522
121.20655018313614	169.58157817290248
65.77664680751015	110.91193328682797
133.14249276085852	184.0253158675114
128.3534802599872	173.4374939912217
101.00634172294271	146.457063296721
113.00646428504692	182.87185626231837
112.1309680082659	162.2035728481244
85.25420744480137	152.3340692539894
103.29330131698413	143.24565523758105
115.56348358199133	173.1116509248023
106.19633517214977	156.30951524339952
121.02641535697502	187.93651554015764
101.89992220138322	147.24805873010763
101.6150197724604	169.5382496659889
84.64392507950879	128.75746409452523
92.70923900586725	142.78551348799587
90.80564637923864	129.24478704718365
134.10967035510885	183.76415883889632
104.81011104294724	152.74188000656486
80.01146997283641	118.91761174566945
107.97196776322875	139.5120022417824
96.15992606737912	155.1239954908708
38.9247123914739	93.87608817364253
109.59704742307635	152.63366225172317
68.9460243364633	117.87808797176943
111.56928840512484	154.3172499484872
80.7747280193898	129.3939814559289
70.83351079213692	123.33393767962393
109.88683301964758	163.41798959034872
70.11612469450631	115.106355958346
91.0660159304576	138.96797216058576
104.08754789842325	159.24871674308972
112.24465046256105	155.651385952594
114.89769072881303	159.34211957423895
99.27437422892595	150.09287631489929
83.35209304622622	138.29971553216626
138.4763085194185	184.23681100701722
87.88037358922804	145.84568157575893
136.07177962972995	185.3711384697693
90.94950053431948	134.22207523127787
123.22571386683614	174.16986793929817
121.39931077900266	156.83240783872202
79.08931505246211	110.73032463955352
107.1056901401246	160.49594143623028
115.10784058381711	147.34460718614517
114.01964243046488	156.00017159844828
96.02125099432207	156.00795688331596
106.0392009081229	159.3561415507374
92.10620638008885	133.60653769946077
76.56373241557756	126.41382812895826
119.68024473880482	155.34128745797483
88.80637156162886	127.4144684208726
127.59516383212434	175.91698286641886
112.04901802479219	167.92351353905812
82.14706652974232	131.80977131973583
96.77603360917526	145.933090938119
94.27230169209652	137.76885838939302
82.58224700696078	133.3274294322619
110.0285917978666	167.98876995260494
90.42771852277632	151.46519875739187
132.63383027261594	186.06156438282443
117.21782482036859	168.43760670977508
82.39621870916841	135.9479454872058
99.61998956905367	154.87359164914406
95.46479615660832	140.64703241595106
68.70984292377607	115.01872376421116
118.62511357536238	161.99066383513568
118.9961763042266	162.70818203952598
118.51002429404771	187.34031965727632
90.86024284812925	148.70962007108182
121.37971943237835	164.53232237564225
95.80494129154891	146.22810908395937
118.70295559182149	171.77784761832405
136.25055630235082	185.3509719771382
102.80219762609505	143.1646536869897
71.61702445711026	136.0823108809957
93.66197606943308	131.77773001911152
112.81971732767013	171.50312113927208
124.39748758061242	174.93785714405715
77.32415929212844	119.18944124316627
96.18903404677096	144.57399290128126
104.66678252520244	136.1617911973923
108.69996648525682	161.44969217966184
118.20847206006168	175.49311812576326
81.03120687092407	125.73059732727735
91.53043405548928	144.50901333555612
120.15932955201157	145.17038680490415
107.84669822248615	152.5327428081239
108.96761301563375	145.59359711431668
122.50646997328508	181.75939600824935
102.08106779418179	154.02419966659193
110.56006844143673	160.0876926564295
93.70872276165426	141.81643578121694
73.09979959463249	120.67091573576931
74.09484229437825	131.94546707586602
101.48641107365263	141.068883024797
96.00878564007567	155.33131691262915
86.90793662950044	143.90382557830628
106.36028592838338	166.66782923900985
82.19456895783502	128.7152022735603
102.2267453276594	163.04160453276143
99.60954883359453	159.61740809133914
83.20022170775506	137.6961986268946
54.035882389242964	115.26457984719673
129.13054772945554	174.71753129262922
106.33274471407915	155.60126579444247
46.71748121475722	110.19347701104651
91.47142764732955	161.64533144952765
107.87575462498637	141.40940680920028
95.43718618599088	154.80762055491675
111.60660225206459	149.0254430567171
80.5346482950152	132.63756330951833
103.50335458436138	147.62437355934742
98.93032614529687	150.987216552475
96.33876026076052	143.35637376679927
95.57942196423329	149.52015648163626
103.99519110385255	160.49263801010704
118.65442827376184	165.1728701175007
89.39760399599896	146.08323795612043
91.85519951976138	138.9794432547182
103.21129983485024	160.0594944032698
97.59700048742502	159.3715444263281
107.71204584688651	159.3628966846887
114.36581471508686	166.69694107875372
125.82377805701752	157.7965575527722
97.67111703456672	139.9522122519282
54.454040066792686	98.22747428223622
98.60750921089742	147.10091306951364
107.07740853765681	143.0771796686891
96.26089966934501	133.25023888177014
96.93527676465817	146.1642071959841
51.34982974705774	103.42808242018768
110.15968673230759	170.02164601504055
93.51935341959987	157.8469176858213
69.77846784179594	125.06105283694882
82.57155868810085	128.894238939861
82.70340117068825	139.62060976438323
112.17498164683404	154.19151416418538
111.23276193046811	163.37093920294777
130.29500764964502	198.19476694504212
112.95849624625836	177.69423556801524
72.96701229364652	119.94315827099499
71.81581447055618	131.51945151524842
122.61450709058262	168.73533688532228
131.33372402192288	175.18266391804846
95.24503803709273	129.1516643598856
111.17605976370223	166.54496139479386
69.90217432440976	122.96158216606864
61.12156483336425	120.96650500508163
76.51952646914313	134.57874794350744
92.85624948793968	139.86104614949588
89.57247229183923	148.20348838947706
95.39771873097466	164.20502627721578
90.1797113460178	163.1925489648063
113.58602289899326	171.31058094464981
128.5509390265469	181.43569790920088
100.72394925520871	154.61059012463187
140.59994974880922	191.43384643533602
87.31190579398307	131.5562169607532
89.49793212122121	155.27084613987478
107.754693254859	165.37975795461244
92.90402475978652	144.36899175678974
123.54104511553282	188.41725479899594
87.17784369604222	145.57515845050386
126.4538797021728	163.8910975808301
103.88350032587554	166.24988799241834
151.3090556143356	197.21474299518587
90.71770188703589	127.54188150495516
95.94612184585075	148.844715860779
102.91303634572975	149.8110673423952
56.37944065836101	98.93471260779847
112.04530255077076	177.8807754675035
109.61692226530337	160.21414401966615
102.1863672781087	151.6641273965389
69.11208437226604	116.59843291599591
69.06877920062686	115.13895587159868
111.73237037201689	163.62016240860638
123.5035737511471	170.29213631950884
131.88929263644442	214.2727246039682
82.0911695210016	121.5474191618944
79.38403944482432	130.5564712659443
94.56122400630899	139.85849123064986
60.48539716252327	103.45999174861089
88.22137647912511	131.54199131443062
117.03579275030631	167.3123432872159
132.6920500273883	192.00399713404295
105.58310907269328	167.52817319960957
132.81107297110538	189.77748821842982
108.21745875998141	153.9806410555684
103.8272783027784	173.04465998194678
96.57117625044933	164.34851221503072
103.7387409154399	171.37032375093563
94.90294105512221	140.18840945808935
97.18178495219684	153.39613137961462
86.76216330120656	143.86470612595087
105.18063803584008	161.0299653666762
100.28896830035573	155.9765162605445
70.40839930767775	125.89862638502143
95.18598996496027	142.16167535640759
82.88657215211003	144.9597424571121
59.0359908251845	122.81265698749944
109.67767298682647	166.0405122870057
131.17376509044763	181.72673862543823
147.3946037812981	201.45277495042922
131.24839058985927	193.73296341973125
82.58396894783878	131.30915283861947
123.50489985416108	180.49925652017396
122.39798007112277	165.0454754708397
60.243409372107564	114.03557036571688
117.22577030782901	154.47915210262875
112.54354070783052	151.1744024871358
103.25616500613583	174.14098305162673
105.7723343135361	157.08880248593834
101.16614765488168	162.2032958351837
132.63871697310057	155.87030320962566
91.96422332336226	139.58723868667258
96.0012121355744	144.24337953799102
100.14777967412368	144.56539426862253
105.51328150300144	156.90983718534636
64.73500398017538	106.0715514624604
127.75947619097931	190.31808762518511
104.52399513686314	161.11332401679647
111.38249191649558	149.93893451651348
103.94631983495582	158.7928670116959
96.27117457432232	149.41637360530507
92.89516973006077	159.00398450388758
101.92228284679041	162.4809688686209
103.04104681866858	141.85784844987307
123.10523510836302	165.33348188891068
106.92115492569349	166.86550494925257
97.33022661267879	134.1150928291638
139.731302218848	195.73032263659903
74.41147687372955	117.62799620379012
73.19581648193	128.28526721045324
107.09204104225655	162.4746892355742
95.7525342901876	149.4978708609656
64.50808023550333	107.03990782894387
93.75540677244376	144.09078544559264
85.78688458638435	147.98910936915118
122.62257200849923	170.77657368258585
87.5749645913951	142.04170821438217
121.01229297734545	187.499770928084
109.19563400420367	178.29092091972944
95.8733817591024	161.4202765059274
100.42343657176298	151.8512133031041
108.57317479267772	159.60120836170097
53.83922972743402	102.07322848274774
106.54136815138735	151.4206923271811
92.41760778398323	140.77810565174065
135.95838732776224	171.84872761164917
86.17462086475675	141.95487030210847
122.85127840010443	170.00492687254712
49.701507511884444	111.01415621988681
116.29250029968577	176.7925346823179
105.5220550784655	169.45221261418612
95.05967018228529	137.291576262975
97.58221379027327	145.31546019948576
94.78878818755298	137.4866599608642
108.46006419166551	142.8691125669276
97.31502870739362	140.6129990163609
64.24524583164316	106.31783967007473
96.28378286439343	157.5898346380274
144.6944347525177	167.3030173628798
100.93692409716603	156.04007387876584
105.81575892937411	153.27956572105137
91.23890985024752	136.6622831734266
103.48108932323457	150.42072435585968
103.55891115923221	158.21648671680833
94.77596161086977	143.79620510544936
117.2652679787483	191.0476641864338
81.53844085831341	133.50689850565553
97.39609583596649	142.68766273719325
110.10107504584195	154.80432135759534
94.65991641316171	142.4981595989953
75.5224069884951	141.42797428762947
111.16528437135274	166.59642158581983
80.35678083942662	144.12715540598373
91.05383676493246	128.4117270250359
83.43704821623453	128.56562574892928
97.78543171917804	148.48171708163346
91.41228053573974	139.40719887534323
90.50820265841185	147.53793206790516
113.61957854628103	174.13458572013636
135.25217802833296	181.59094542731154
92.84971571961974	114.12921321674708
110.45310348196244	151.2249116102819
92.89173019015718	130.88664715081916
101.97884492064992	157.8040504871359
122.55502689900459	192.9897266983162
101.00586478054097	154.4366129666892
83.68905297590507	151.8867838380034
85.40146775424721	138.78163687208394
87.66507149877667	148.8948190608229
99.73391557385006	152.9750461976107
117.16022904182162	174.71397238392797
72.8240631779614	113.55413843753504
79.25421661290031	126.15326883767902
81.50917576847905	146.5902914848816
65.01189156541557	124.30898361228145
126.51845366976964	162.966549398613
99.2724271247181	160.02358404309092
138.01558639447651	200.33227983984395
71.51332649637996	118.75730386002287
125.88364626518349	179.22408195584487
85.96702935672073	130.22642574696079
91.85260629651232	144.93657891721918
80.22071085816924	131.79187414241983
81.00272281024682	127.14969366461796
73.52509177542892	123.11981774412384
104.32665915240948	148.90128548335107
73.71597934946357	130.60567719685199
95.16396269354254	138.72169949738682
99.815969115132	153.35639415837576
113.33221370812221	166.14031666144314
102.00783444799094	144.1263502603851
106.42651666925175	152.43839790517586
110.28823121132645	163.4133671344423
99.65498269480565	163.39922954215345
107.2669583714853	150.86193380900397
80.40559617110041	129.16704765644585
84.49059130592155	132.62806686980946
137.950216142787	170.41614701234948
99.76531571246885	148.28644602314753
85.7899865066609	143.30919532053312
127.59759802141893	185.41078645130474
96.86314778970463	142.06280042559774
87.07017946432012	142.4272771079191
71.0201690295591	118.53165081245092
115.58983732104423	169.16515494677463
78.27398185578217	137.63373093542538
89.21934839959926	132.58182834875777
112.88199975885871	167.67936895061752
103.67267148516241	137.27428387237435
98.27146252316383	158.0248486538821
95.72024436876943	130.2622358972671
122.91854708268644	172.28123653554132
144.6054829560336	192.70904636681306
89.02478341695229	147.64148731804465
111.37808181005431	179.26993606460013
138.57600610708235	186.69585365288225
121.58114109901459	171.66702720353078
86.26336748443222	125.67689765503258
91.38638745852101	147.03813454948875
88.04062914999523	148.0204015275673
81.73113180690454	143.4968418333023
87.52189694662675	127.56104967782883
105.23750957880681	146.50261849129186
88.25941989690392	147.3056151340299
117.52399725300717	176.91572397191044
102.46510927145586	131.96517698638567
92.05748634287716	133.89187169110832
117.72179840413983	145.77287193377708
106.3794365144092	154.46760062116383
105.29735251571542	156.71424294329836
120.8007690906896	174.29210861560298
111.4653089705008	165.98600117030392
97.82203066323915	154.3946537862763
118.75109685735492	167.7438207709219
106.18635604409323	141.0675379965627
158.34617525746216	210.48386329952638
121.9737700209424	179.48544080871466
123.06425242749444	158.93966397615281
125.81986743256978	166.14202890850737
101.59679222512572	163.60887965696605
126.25790823059457	192.55942756481465
100.46714055139316	145.81655462438158
83.37653193629194	120.33345680135292
88.72027083179687	132.73669625182993
110.55901108665078	152.26945791220217
68.77760218682626	114.20532538216048
104.16705842908503	162.39466881705604
85.43299829105256	116.21212604412676
114.36432765123706	143.92883639308565
85.07652578685305	154.50606472243754
137.44606524550653	179.4017035988531
115.35636257981726	177.19294041418323
74.62282081652401	106.17031149045857
135.17518700167668	193.7612263554751
95.4549498127931	131.31554839238697
85.45047780560398	125.57696900290753
79.52401367347602	115.55741173551903
111.35529479311306	166.8025530977393
130.09043733329344	169.6785017249369
88.43146054936709	128.44723400094372
80.04758316323895	136.78411676541822
77.20599823934432	142.88495121545077
129.9281062272043	184.22131807287863
133.41458443421848	186.02499779853187
93.03057719761404	150.8290712384782
110.75410174881775	177.43188407540669
99.94189099448917	147.45870105655075
98.78739395441515	139.00892410184306
119.28045264434837	187.7113976940823
108.81912001360887	172.96813154880348
106.58979933522954	144.44850721002933
94.14842129280184	152.28103590004974
116.31200719421756	170.38716726030626
94.35988195178079	143.64977331260673
100.99844976135712	139.4747010650546
104.38954987550872	140.28123057465905
75.976886894931	120.50125111845729
94.01810066477711	143.29770449327125
93.74793972669856	160.15843171392652
102.02406172996639	138.03481186343566
77.76363818448957	137.94586977187495
76.26896598109983	128.39805384898523
132.46924206586172	190.62849714567605
123.12887212787294	193.35462986994457
117.78078713404204	163.34506832483532
136.49637573179973	187.87545262326736
108.39190475099119	141.57491299330263
98.1784253014564	141.4800717916819
109.6435149686692	175.26071568110277
62.414260170996634	132.66091920537116
78.03833709157936	129.71012824073688
115.17274126042896	164.65074256188606
100.65230966313354	155.260599507231
74.44727329837531	127.41753929007048
113.1707374311959	185.69626803880453
119.97803297986562	159.8739334928626
113.3575912272867	146.50805007242633
99.39406441122377	141.9441994109579
83.27901039895231	119.50145943080004
102.1518987633703	153.28744880985175
108.53848657651369	159.1019238546379
92.8282240466939	127.89548093674397
112.06071820253398	161.7312993176812
106.28863867504941	153.35086921171217
106.66229100942998	159.06100599904474
59.34920422356825	102.93982967079074
121.62185986042184	167.61678621818328
134.48783439903775	181.6090531261949
91.95064750860767	155.23977070727105
70.46202037629038	109.11143835999994
112.77858638839618	156.9536507317311
90.68680535132334	141.3352178277546
80.65975257983581	129.93355167956798
124.35432511750706	185.91761655172354
72.33241295027672	119.29907575152997
114.34857244074115	167.81339233456936
75.0453175818836	125.3729006210313
129.24535965550947	170.7065489144819
110.33104932084743	157.25711528133246
94.8521000698634	144.56465901301908
102.98739916229775	144.9970405015398
111.64174774966685	187.6042836724509
116.59788754862223	168.83235216071967
116.55582856584464	177.01150235255133
110.93460531832852	177.59230626108587
90.45236675534677	160.49613279316267
113.28159095054747	145.25054696190534
73.77351235981013	117.36336864646364
120.08186209202982	156.06912294375047
117.46011674631063	162.5536765670904
127.8816208500086	174.31601480931843
88.2244078566296	123.506540878299
103.72423396939207	164.82761273557082
117.16572001764416	179.9133038234826
106.35715758204512	149.28498000538582
91.46665431923094	148.2717348677687
106.14662134094117	164.68712974688674
101.36064069336825	157.97619845644687
119.9140788282101	156.33306421859166
87.43074894490418	161.88452937371807
106.78975611137975	177.66189353559673
105.85862251361142	150.966268626219
115.14656248594126	160.51472113219037
98.54215509576248	135.2344629407626
102.54629271144177	158.69465043543053
98.58100650198283	148.54908079369503
100.68131725107703	155.5013791499005
100.16718325514965	145.95617096738778
93.46510897236486	130.84164013539373
156.545995881193	196.93679220248598
83.12177024124394	126.94902152651125
76.53180187335812	128.0240756937539
84.0874677442175	131.81186480145925
85.79894902013895	143.58820730516334
100.22873142310833	157.0103637418182
128.61865595685273	187.95887538172016
133.7676756599001	186.73381682457497
104.74648727926387	173.30619655010545
50.03574571480675	121.47560484830592
107.68718706149318	152.77327699922404
73.78690868749212	113.21081598682186
89.98596849624985	147.65545316892616
77.00554423717716	132.87897469496957
108.51245159222074	166.53771839984176
87.46785110805897	132.49021462044152
115.44239354881398	155.1993894250018
109.54604792783769	157.97956308704448
95.19860866494419	162.56417490949624
101.61120741204176	149.5893310072261
118.3483953280448	175.30921902286173
92.55736168247755	136.92832107956616
118.31237770986468	159.5149156671821
99.6136798662484	141.60844146341537
105.38794905609723	132.87214466404492
115.98481742271039	159.43000108298003
126.63065047157856	185.4650722587815
110.41624397755477	160.84944844562858
101.16743767925993	142.7073621312085
114.41371869524338	163.8778320260108
69.09104725160412	121.68918273168129
132.7792320630792	191.10255551786258
73.49017468610029	116.17684255022354
118.07418866435913	167.99831781693487
88.71672138909234	142.04559394804846
110.14503169078745	170.67979122197528
97.66865151886509	135.16187088825254
106.07179518137553	153.01365223115772
83.98425920866467	115.99587460452233
56.78743991400665	98.3909429597809
108.13311298697076	161.5044554107593
87.98991322751436	155.08199020050887
87.02728464796846	134.64543445248466
85.49353726435902	131.4775928112651
139.68822497770242	179.69360212544606
88.35615123747334	124.68825422542837
106.5362595823811	147.91910041317917
76.79113612261126	132.9983112031718
130.46193427855968	159.5032672407507
88.87464062767465	136.81405668488014
47.98716381773811	91.15558338191778
154.23899747790313	193.78390667613058
78.03702734885562	130.4158641327693
126.17864668563001	168.2559836215131
114.66145121084892	153.78542335730955
113.04359271630057	157.20783126079974
95.37030339258341	129.92543208105653
103.78397503650197	137.3377869408934
124.47872017833795	166.5120960149989
93.98138567601201	132.52968456993528
105.02619264172554	163.93740454850473
118.56580429850135	167.7466761545089
101.66777674471818	140.02721109875674
91.50033609803084	140.44004735974664
129.0335781663587	186.04490743813415
106.83377197745774	162.59779088613618
97.49654670825943	164.6430976409927
84.48210352056267	126.45558632893868
79.88805556088053	142.7173801092533
117.87568210762082	164.1846490481542
118.98536172466763	169.74876810119991
56.58577881845859	98.0012900073636
87.6901672114849	127.30846411515184
119.29776273739252	187.46554193206472
148.4861323852903	217.39900580124635
143.0070761518579	195.96581267696186
118.83732350484252	177.1808869273964
127.46664910252221	179.61446892384177
89.45161086065998	155.27140901191558
115.4906904705796	147.6828112792664
75.25670598137242	141.5582273318335
88.76247307462282	121.96126293697765
106.41942166537531	172.40992928949396
143.35874140100313	214.75792578266612
114.95926658675664	152.42807411527806
105.47654181333138	148.3882668434779
96.59832874628303	146.47525178619492
73.55114057315501	131.8975996249492
112.05726004574689	140.3654756760329
93.01812606833536	141.44777129509902
104.7808941126089	161.44300555964764
82.21338172050969	140.06987084322137
102.42509907407157	158.927046171797
69.25942266120876	114.73417457015917
110.07812438379405	155.9685559088236
126.39451823943851	170.75516549834046
118.27901629758233	193.57029522011456
142.27647518238888	181.9692350637506
106.49107031858146	158.91681215206393
110.10726883025109	156.93715430361107
110.29729675711688	158.65994214738208
82.4054039677555	135.61613268689587
143.06466938525904	187.24791326354867
119.77156168817197	170.14748294534056
95.14347157051634	140.65332967897962
81.94336514992436	139.27630965420965
111.63018566482911	157.62366208111564
117.1509510718079	167.72693901394797
102.75769735819655	152.80983677831284
103.72149034226707	172.57114366204692
96.23766333138067	164.77711439237268
99.94505208544054	137.95109408702737
126.70282655437262	168.71767338501235
128.0123577160938	163.40116283161558
69.99646233010417	116.1067265123373
102.77757749072342	151.50004726834817
75.91797300660595	118.60339141341055
73.28609096602784	126.40483993642037
111.71905573039012	156.21761343916546
83.16861324047022	132.2589658818792
36.93285099617903	67.90568297606936
112.90305306257156	168.903375452071
125.6428366017864	165.54145014983408
140.7755427915712	185.88469903213465
92.07413416314714	147.8611808951204
128.90890616025794	164.2257195608096
47.57976728384003	107.48607985514973
79.13200786192627	131.45434267437716
110.37938742816692	162.5928732577348
109.4306853617457	145.02803420026873
126.4083582546364	162.69084469146102
119.13378979264124	169.47853462356568
98.368599606966	145.0137937810165
130.5849572680287	174.42453267145953
113.72965280263291	162.13847247247494
134.34177466112646	175.03508813933865
83.91446014553573	132.0799153855814
106.00507352640376	161.02526325423088
91.4080865219935	132.13171295622823
116.1182661467718	157.33447541787007
95.60895665811668	144.02370564923928
94.96295605499833	139.94839459206395
73.47020704446425	122.28068235019036
106.16408267672799	156.40177403360892
122.30978748189617	154.63756647688163
120.16391221820524	185.57820727274347
39.67936029581403	87.23951517920776
67.60708612358688	117.97420940934265
140.10281051093182	177.68401112185313
96.24747301777548	143.24093864348157
97.0211754171105	143.5515817439354
123.30670882278415	162.45317436932882
103.9329058993381	151.17149588523426
87.3481971522086	121.37509218861734
95.80306102946163	168.04126918330704
137.9432137477176	189.61327183689514
72.3721769375626	126.71540769619163
126.02449675458323	178.33090178121088
93.75215769617127	135.20634858083113
94.57542569759477	144.79042253851213
137.25826179546942	160.15432439079441
87.14252810160735	126.47451923307734
116.70116730722296	171.98984251428126
92.73893098410616	139.63329438838176
71.35865947702185	99.12469965773029
96.67960260610671	131.71133516220198
123.37852748655743	181.39046201611654
96.2821564475551	128.2356875932147
110.98843653960357	161.21444782834155
103.77106630560326	135.07246090802067
100.93662715994883	159.51936892139446
91.65004354531672	146.5214437798004
102.63564601035047	161.52254740820246
59.34213096000403	105.57624067915593
91.03356688750091	144.47677481096747
63.92112749368196	115.72717919317988
105.39397693619541	142.0459440028001
107.09320972791839	157.71000109274166
84.07869501009343	126.97054214259104
116.02615216914865	153.51404637442732
107.91661102272296	146.22721508839047
105.87144174496514	166.81875931091707
92.77192278929721	150.8735988169125
109.4558600736948	155.585353406137
121.08414071271534	150.35565979503662
86.79113618479693	142.47811047344373
83.6631114827962	145.13141877501835
123.7802151411678	179.9841292862599
53.63143044625188	100.9907988425744
47.6541981122413	83.33214719833107
63.70545824865474	112.7043698816743
103.6348205965906	144.51518268792935
103.0474841463781	145.0005608862938
109.93010076716558	159.0098897700156
101.51954580845444	145.01399292922486
130.74759615461994	181.32953383987189
131.5156689172433	190.65639905354507
123.18021277725913	158.0077954349304
76.88399457024929	129.41030809768117
107.27155771980888	161.2502178858205
82.67594638598116	129.64049366625954
89.98579268812946	119.42935978532205
79.53275597026305	120.62357428463696
100.21424853255463	172.87758174022966
110.88248167175107	167.9745336789453
101.57384099681373	139.45269118205744
76.13262619274145	122.1450931968006
69.47929624034794	114.97158782537278
84.75830389509737	135.58193529607598
84.44723285248106	137.32895047470078
115.68546334214169	173.54728808445867
93.61438282503362	144.74329435863837
96.22667322189763	137.31720784071032
96.86129866034351	155.69512299560108
121.93696295712283	164.05931205693065
132.72230244319906	188.0713329716399
108.54117074348359	176.55733788946372
95.03388333626154	146.26225458543757
128.0500305257128	161.22331922262765
108.76482786035066	164.8308442975753
91.57806229868372	145.39528763036049
120.2114742259508	159.48482317674922
104.14459892023001	160.27916201378827
71.31938542095831	121.76163879460202
112.53812611940592	151.628614825173
105.99650403550581	157.59997193174505
62.86717155551867	111.04712561916429
56.979136895920846	88.46528620625875
102.72602010740545	154.82477844132586
113.66712509158538	147.59976629629432
112.17160100255393	166.7446486735622
72.78040452190888	108.2955875334908
93.0598010177683	147.62731834758455
113.33179838057177	164.3279788482462
69.28495582416218	104.16155671342275
101.70565964358292	156.14555196602078
104.26658538795309	164.55326104829382
118.4751193812793	152.6088921774109
50.92216139337466	91.27595800543122
102.89974654002212	141.26346141649455
140.36243704680726	186.34804185374688
87.5758532241785	151.1360509335309
93.67521344735559	142.71363114419336
119.07984460436697	182.03235474018027
84.73714797834647	131.77099263040765
123.1390976919605	184.8219785675833
110.81066322489224	153.65003784988994
68.51853149732533	113.50471131077896
102.01186835359451	134.4777336689697
70.82036082026045	127.82164994414279
119.0509563686299	166.3505985141715
66.38651054457377	110.59460953169301
63.76492570561723	102.36004569616404
77.25391177451775	132.2640746016991
83.93854667693044	136.1962187081893
126.29881575036052	165.40794428645552
99.63484929651906	162.4354302615486
105.82009084740783	154.83190248604944
121.49799497090207	168.79650529525728
86.0438019974654	153.49448642139305
88.43348565960429	136.6279058870006
83.05094924300576	131.02717149162928
115.69809294774745	161.77252801974475
132.66552419158074	204.12954600174243
105.17484988624528	176.53890474062445
87.53440012576966	147.27669644203343
89.5927794572661	137.6948797841788
77.75371419587184	121.12523574149651
114.62290739117127	168.7625727460694
78.74142475255297	129.06067301281536
94.90733869068795	128.97074547646707
76.62077310401534	138.05891769512658
62.01073800757099	106.91537014145027
49.20089193388652	105.68883886707397
82.20076979357927	131.01447972571148
104.36156995572338	153.63336072150437
93.64368867370437	130.20939395748337
95.5285022508956	136.72804753086515
78.57240239226599	122.0357779829774
81.36636875680728	131.14624071478
78.6459531421129	132.02895129032882
104.2246732232008	151.33712258404336
140.95309674287117	183.33222561432586
97.27254980487002	157.80421138331903
72.61439189573352	122.5225413732205
125.45246662588988	180.21007042125322
80.0286717042159	133.76810543221532
111.15065282754642	152.35801724317975
91.14689180659694	134.75841444032577
101.62166411595852	160.17753230773042
168.6532686359112	238.21080462115023
85.04947462840799	139.78239036321978
88.26639120605088	131.5155645677076
107.50470902205151	169.7897616647058
99.56106472337456	133.14086144496844
91.87858197609023	133.47526138374303
86.23184913662814	148.94233147724162
111.80987732400611	157.5468016208725
121.54753135252763	186.6857554233049
80.9583185670236	113.79137285542326
77.27133797364608	120.70050437275576
136.59812476094314	189.9384688338042
71.4968765547524	123.42746622715829
114.30666898209546	167.08746685198017
108.78254746437604	158.45764204007807
77.94060902151256	121.67425930673889
115.18987185990188	175.1318493016208
77.93567307453827	121.29709914352719
78.20897803073916	115.64871984641363
72.20899523058968	121.10253951560024
116.68566410503516	140.96974938602392
91.01308304895214	149.3230357751281
121.70502640739888	176.6162992812885
83.79719938712583	133.06366514534977
112.29325172250712	155.40111087071242
128.14821189315776	160.06515973828692
98.27972973813725	131.03539306336836
77.49094507499603	134.2877023474485
93.14858115375242	144.13265558222102
125.13474941762665	178.9183939527599
114.78187672485247	163.35192349107854
92.2802381294251	145.31826317864142
65.11255250892216	99.16358963810512
114.31073570113436	170.74735273450676
132.6181250816075	186.22690374693894
132.97188154102167	191.88511967933925
108.65580399269078	159.78017755089223
96.17941657200785	136.03037325858514
84.27757459519665	139.02061424874802
88.54796365378733	126.74971476891034
67.00499391970655	126.90456460866166
142.6910311782533	195.86725018139902
99.4607122143394	142.85575043740207
147.68810276935753	201.409208216968
98.51005169253625	164.43673502449977
67.6336413678005	107.78415229294046
137.2313020455498	204.1952405841658
82.80345952264989	133.78175782804743
91.24183577969023	152.29518863123042
132.97102179991214	185.8927583280733
129.17546421532543	183.98802213774078
59.47587168332281	127.45749717445709
100.02109539883654	151.8958945068506
78.20929989797047	126.72093581706855
110.78276444141122	162.6670202100069
136.24354183190033	197.20041701691272
89.6502035507605	137.50990821920936
129.86445601308108	170.63667964600938
81.42711449241295	129.17390128879538
143.44541031642916	199.1889867734819
83.48692218138936	133.35048626131606
90.73324064327338	144.8755793019545
105.93914735514619	148.4119976646967
71.98811106662698	135.59187901817563
130.99217706422525	184.85592613479096
78.59966191741779	132.48481673050765
112.27903128159645	162.58425093982984
74.21739921050158	130.35458427589788
102.19565892224702	151.37312996940247
99.7894764915797	148.3472802226811
92.23518186021587	150.15895871830872
109.78438387512985	156.76166552000302
77.663354855275	127.09994391139803
130.43731533334994	166.57671778454312
104.04894713827957	151.6739433135814
44.171119241563346	81.72972113193245
140.11123151775962	180.72519594971223
109.05427244472726	152.35786639220947
131.07130443124214	200.1216603094939
96.46126885549256	157.56531115457196
54.74769347308793	107.98818733215876
91.60564260174323	144.65593044032443
75.47860077520568	137.34257840168135
99.23035075430441	128.4737114595993
90.34546275268903	127.95198238395524
104.18024560140073	153.59171815237818
64.71183838738565	106.97367837113067
101.0756480885416	138.09381583037117
90.80836333655265	136.59123991620532
112.67017741557187	168.89998867689638
66.1539490229923	125.67168116022759
91.49858048488827	140.80015400667185
133.16798679615852	186.06827937917623
76.37874204524405	132.5242789914349
114.76107370718606	138.89197404669704
126.61012230389713	183.01476623640616
99.79820463286944	129.0312918116427
119.7702128443828	172.97556874902784
120.82879268754286	176.24827444581342
131.39511019824388	187.37456660499157
92.64335597268226	136.7966720941493
97.7540183322532	153.68394743571105
116.08245702040946	171.93738448176865
85.08711900659532	144.72412597512186
100.96101413332927	135.3306437847406
86.02858675900292	127.71710487151653
53.41917755145989	106.75210823703148
106.69830287534118	154.5301759204213
134.04860093815884	190.93250877770717
92.5587063798008	147.27226605200457
101.68594781820582	153.7588998824736
90.93790097244133	145.39243144377656
85.18073314787283	136.95727478223196
102.72208927770947	143.95958085666854
121.45862195993587	176.75931881050508
144.31686671695837	187.93085998049983
116.5295311413687	182.03435089824234
80.77272394877092	141.43414954773294
71.45968742576747	114.5674977426208
126.13661171534896	177.70737454574794
106.33429983077347	142.0610699894901
87.79073513115165	138.72486190823253
78.87655727188383	144.4248425377778
83.84555266609873	135.71373397092458
124.66849818598526	184.09666243633447
99.55281255954303	161.79723896151097
71.99060045751199	123.36091309383633
117.45157979463451	178.6240389816451
106.20205192263401	154.09116549834025
94.17735658411324	146.41994919591795
112.15430496944579	146.96636840700407
83.44632085453995	126.085082960994
119.27809194883918	165.7006836803945
71.50278196691266	126.98436096206524
81.93114547281007	120.7783093744859
72.46233917988256	124.02406507276561
91.66881880252197	125.67242786058688
84.85097933193683	130.86279903844644
92.74708162465151	135.7476527056302
100.09535663552624	166.00380007280225
111.08505079817522	153.42824185358552
102.93064145530147	151.34356223882952
105.03719406507007	163.9493223012021
132.08647886232683	174.87700434035008
94.67018878187818	148.9414168357255
70.83328121272072	119.63519084065138
119.02763624959891	159.80537030329862
136.71739091079857	178.98518582890324
103.74577388279313	161.25099866963228
116.79068445572429	160.7551327817797
86.88766625707308	144.42339091207572
103.7135070751777	153.98059632753464
112.74050637589717	154.18997031052328
107.57151153591657	156.82202633315174
89.2060469437363	160.35141494600126
132.61259584278073	183.24604816796204
103.45632168207318	145.58085623311428
118.60396411080774	171.88176296590336
108.11557973257099	154.2331341182467
117.4734844533401	153.52219569056223
118.66506593171994	172.36561378925825
95.67689701200938	135.70254149066466
116.6735762572505	179.04092237456916
143.20911453718554	204.37210596423205
139.97984027794217	196.7322443091654
115.28082840096222	165.50534804318661
133.74510446310404	175.03472976782933
73.84057312672626	126.71490880282427
129.44792613457136	171.82607785494747
101.49752195777334	162.20477787919344
64.26129192440436	100.49477623075013
103.30421173058508	167.82140946164202
119.52592596162535	168.44582727468617
86.0794465740769	129.15769752580428
138.7426316124862	177.27687905873395
126.9845535652542	182.66385953098472
74.49772270659673	128.73643622752678
120.181805253443	177.57295960312575
102.23945374993056	151.15952740595867
88.96639512377978	133.12357505931993
93.6673671482908	144.6990136872335
91.10009994568168	128.93185061457456
75.67457954835722	123.98554812566232
91.03353786554835	132.64237888296282
113.85377823269029	176.65234419952338
128.51884054995102	183.1620617222898
129.16676673504986	175.11908078279086
88.53278541485744	133.34825398392576
97.65504645740882	158.19287952202177
82.81257366164249	126.46114179448351
120.60004977133421	169.20693868681929
67.03694162784794	122.67866064877663
72.73446885909726	115.05537816695043
87.28306602832582	149.9166565701794
105.02946888942404	157.6141476932187
93.57704039893412	159.37721635967887
100.66127811458921	150.72911798939163
100.95069244330202	178.82430692280863
104.66559454112084	158.7269205120965
79.31074037600104	131.18322101396205
93.21280458837457	129.91250888931978
111.55224671543425	164.15768145189446
105.60458311431334	141.7491919667337
121.86613266034661	168.98192649932128
85.07551449173422	131.78191483516616
118.12522826837208	177.06203313753045
129.3324948054543	176.24176607835886
97.14819416340708	144.3472393000331
105.31860288736503	147.45024376013345
104.50378868599302	150.83441177095784
110.71341178739638	155.12568440496662
107.75842229800635	175.8981682451778
129.3897541561279	170.81760686460518
110.26729871226362	148.76309775101936
117.29003407045123	161.05425148196957
106.63053461001415	167.51163989416142
79.16459435957424	109.76695625724075
108.66720704208979	172.59087223551006
95.40087954708224	136.09774356601076
87.29825161705607	127.35844040784598
82.11258712382215	118.81550890602135
98.59205838850644	153.06381109614028
87.85071796134476	130.88943949889892
140.7934453141325	192.37663555183312
131.93543796043303	182.0624856810887
94.6613940870051	120.50251666747674
114.18314343746103	163.2721335508481
123.13924994116462	176.93780277527637
96.54321256209055	133.6677297882207
136.96466735935803	173.53408050111614
118.44220736281122	167.50859654329798
97.96581772477703	163.55927371665854
64.01401740897228	128.3199144023095
80.68089583535019	147.7861933547162
106.3738508556093	147.6506191794605
91.23472101958336	146.77487275834085
99.58493476803153	144.19294585108923
84.25372916063375	141.17008930771823
104.93845462277514	154.01508189177352
90.83395923990491	122.29335661761658
68.94588250456498	124.63321798007206
93.1671349740258	122.38853451734596
88.55948225573812	162.0356413753054
68.96684721616364	146.02809643746983
128.46354372651535	171.94992839136074
98.4789806768994	147.98188644534295
93.46267842568909	144.2605735138895
115.00749622984993	168.68672311635498
98.34809522076648	154.26543707424173
115.34587252974833	148.80917363574378
70.38690761439466	110.0824478064928
79.26688264876395	137.6754932390896
110.9045518196969	165.40481041016955
129.83794721790514	173.2395534918518
100.60023052343351	137.3610044394379
104.32868528698533	157.96715465521424
83.53112191613282	129.34027087942832
99.401282463295	159.24479969484852
85.82126572718849	146.4771719328042
96.79523768420621	153.81178200591026
114.44560247269432	167.6466143015644
60.02472111653331	112.91350517732285
104.26051452789713	163.08649215334913
83.90916829293116	126.6095162390238
87.06835569237228	121.15619187025429
122.76345538562154	178.71534802686753
105.90879329317279	158.64213120842078
118.67259256417772	171.6537153878737
64.72450568497419	113.39813998125946
91.79566361456668	119.28489812765488
90.92665750554	169.8625830238297
88.21140657497786	165.63295869180052
108.80469008760448	153.7025104614525
117.91842962341907	176.25194117649818
77.86442260237092	128.75364386794007
80.7467487124001	133.2806348443336
74.96085135185346	128.39377541275337
122.95213349213543	183.68716189009396
89.70530155863358	133.01480677729046
97.97238437598568	155.12592094804268
93.35578641179161	150.43240309596627
80.72686830197924	105.23970109992115
107.4652194730089	172.14862418922513
107.66053739514412	164.23473153245763
118.82651169099077	163.0043390478559
95.49159835283844	145.97039942168038
94.05825157552225	149.18292978701325
88.28956506444574	135.44637298041857
129.76283133546153	185.0169337025359
120.15133970796252	149.64257845267156
99.19229584232768	151.31138160914054
112.979472120401	174.08455091748942
88.28312505252771	145.79666840443025
141.08949523970617	193.2681667311176
88.16867499466548	130.36350464426087
92.40622089099506	143.10979996634143
92.57936964210386	130.71634118164428
134.02469930686152	185.2307702204904
102.95204871973614	151.20790260634095
121.68837126865759	176.68278991004567
97.79806083362676	161.68648583340905
75.74050057646728	134.24592056756273
115.50960347744041	157.19424463815383
87.470869073399	127.79588894695682
73.62954977190904	114.97226479385813
91.67848911679634	132.9739936493929
112.63314201981748	152.24780020131726
135.28570117625117	205.20085367591014
72.25044131010131	135.2467331388408
56.01884018062401	100.09811409620787
118.603139947834	169.09973364719508
106.00102517898677	180.78107960682513
88.73054178853026	120.94359451067274
108.36723833267197	162.3247695927837
114.58886147561974	184.6215790503569
138.24137493074193	189.7296072600459
97.39316135435988	141.87974467767137
125.59600343261285	188.29468271135582
90.96488116809823	163.57235768767762
89.80662518772506	137.97746740667878
108.47546860389009	170.41002388418752
77.70064991608996	118.10733314009677
73.96081947968074	126.6004851259781
119.26386194280843	175.65419759110375
60.73849864102801	106.22198615484832
102.26696510346582	146.9696592002453
93.50515471918065	149.83432955655826
92.53959615369888	151.28955672731843
73.35389412967143	112.8602028079702
59.2819512998602	103.20843323995007
86.78183047879854	140.96320839376608
76.69563995939927	111.27784290482084
91.49161950390078	131.23967606625988
101.7607219224976	155.02047080119053
85.16479536994922	143.21623811299906
78.54949396018084	131.28688323258086
105.8008272871101	155.04142667488355
84.76330618843103	151.58808734995569
80.8093635421013	132.83123524940265
94.01693458278301	138.73731535508597
105.70982872323647	134.9971852296962
142.17496859997254	197.43662128367947
132.27123102184572	177.76839977332094
74.73238117867105	121.24484573841546
73.51501565639364	122.4588284940977
101.29434744375105	142.6769997210991
111.13997880344998	165.87133549353436
97.36588874851418	145.97707509412922
143.4466559251085	219.9680527195496
123.54140440440489	166.9789343747345
132.80114735298145	185.59676695245358
91.64258764436188	135.56543661093463
82.06240827167764	139.36054438685161
78.5942341680784	119.72235867219125
97.72436871372501	148.49764118390294
74.83300165434034	125.56716491326515
87.32415892606627	141.48442056082365
91.38460521215464	122.59260486002566
118.88569458398578	174.64028303976758
90.54248881940894	141.56311296303733
71.85871779004955	133.7017549555735
91.05053454540726	133.10210407866919
103.77165824755413	152.51262773804362
111.21836116826694	151.61489716544054
81.56681890972412	123.12768625225115
112.94750231702812	169.2309194730871
127.73651187882088	183.10865675743338
